"","Model","RMSE","MAE"
"1","XGBoost",2.82378898495547,1.59799239840175
