"","Model","RMSE","MAE"
"1","XGBoost",1.4282157912632,0.50678859441646
